id,pid,title,lead,status,sendingInstitution
P-2019-000,,,,,
P-2020-001,,,,,
P-2020-002,,,,,
P-2020-003,,,,,
P-2020-004,,,,,
P-2020-005,,,,,
P-2020-006,,,,,
P-2020-007,,,,,
P-2020-008,,,,,
P-2020-009,,,,,
P-2021-010,,,,,
P-2021-011,,,,,
P-2021-012,,,,,
P-2021-013,,,,,
P-2021-014,,,,,
P-2021-015,,,,,
P-2022-016,,,,,
P-2022-017,,,,,
P-2022-018,,,,,
P-2022-019,,,,,
P-2022-020,,,,,
P-2022-021,,,,,
P-2022-022,,,,,
P-2022-023,,,,,
P-2022-024,,,,,
P-2022-025,,,,,
P-2022-026,,,,,
P-2022-027,,,,,
P-2022-028,,,,,
P-2022-029,,,,,
P-2022-030,,,,,
P-2022-031,,,,,
P-2022-032,,,,,
P-2022-033,,,,,
P-2022-034,,,,,
P-2022-035,,,,,
P-2022-036,,,,,
P-2023-037,,,,,
P-2023-038,,,,,
P-2023-039,,,,,
P-2023-040,,,,,
P-2023-041,,,,,
P-2023-042,,,,,
P-2023-043,,,,,
P-2023-044,,,,,
P-2023-045,,,,,
P-2023-046,,,,,
P-2023-047,,,,,
P-2023-048,,,,,
P-2023-049,,,,,
P-2023-050,,,,,
P-2023-051,,,,,
P-2023-052,,,,,
P-2023-053,,,,,
P-2023-054,,,,,
P-2023-055,,,,,
P-2023-056,,,,,
P-2023-057,,,,,
P-2023-058,,,,,
P-2023-059,,,,,
P-2023-060,,,,,
P-2023-061,,,,,
P-2023-062,,,,,
P-2023-063,,,,,
P-2024-064,,,,,
P-2024-065,,,,,
P-2024-066,,,,,
P-2024-067,,,,,
P-2024-068,,,,,
P-2024-069,,,,,
P-2024-070,,,,,
P-2024-071,,,,,
P-2024-072,,,,,
P-2024-073,,,,,
P-2024-074,,,,,
P-2024-075,,,,,
P-2024-076,,,,,
P-2024-077,,,,,
P-2024-078,,,,,
P-2024-079,,,,,
P-2024-080,,,,,
P-2024-081,,,,,
P-2024-082,,,,,
P-2024-083,,,,,
P-2024-084,,,,,
P-2024-085,,,,,
P-2024-086,,,,,
P-2024-087,,,,,
P-2024-088,,,,,
P-2024-089,,,,,
P-2024-090,,,,,
P-2024-091,,,,,
P-2024-092,,,,,
P-2024-093,,,,,
P-2024-094,,,,,
P-2024-095,,,,,
P-2024-096,,,,,
P-2024-097,,,,,
P-2024-098,,,,,
P-2024-099,,,,,
P-2024-100,,,,,
P-2024-101,,,,,
P-2024-102,,,,,
P-2024-103,,,,,
P-2024-104,,,,,
P-2024-105,,,,,
P-2024-106,,,,,
P-2024-107,,,,,
P-2024-108,,,,,
P-2024-109,,,,,
P-2024-110,,,,,
P-2024-111,,,,,
P-2024-112,,,,,
P-2025-113,,,,,
P-2025-114,,,,,
P-2025-115,,,,,
P-2025-116,,,,,
P-2025-117,,,,,
P-2025-118,,,,,
P-2025-119,,,,,
P-2025-120,,,,,
P-2025-121,,,,,
P-2025-122,,,,,
P-2025-123,,,,,
P-2025-124,,,,,
P-2025-125,,,,,
P-2025-126,,,,,
P-2025-127,,,,,
P-2025-128,,,,,
P-2025-129,,,,,
P-2025-130,,,,,
P-2025-131,,,,,
P-2025-132,,,,,
P-2025-133,,,,,
P-2025-134,,,,,
P-2025-135,,,,,
P-2025-136,,,,,
P-2025-137,,,,,
P-2025-138,,,,,
P-2025-139,,,,,
P-2025-140,,,,,
P-2025-141,,,,,
P-2025-142,,,,,
P-2025-143,,,,,
P-2025-144,,,,,
P-2025-145,,,,,
P-2025-146,,,,,
P-2025-147,,,,,
P-2025-148,,,,,
P-2025-150,,,,,
P-2025-151,,,,,
P-2025-152,,,,,
P-2025-153,,,,,
P-2026-001,,,,,
P-2026-002,,,,,
P-2026-003,,,,,
P-2026-004,,,,,
P-2026-005,,,,,
P-2026-006,,,,,
P-2026-007,,,,,
P-2026-008,,,,,
P-2026-009,,,,,